"tower_damage","kills","hero_damage","gold_per_min","denies","deaths","dmg_received","dmg_dealt","xp_per_min","assists","match_id","start_time","win","hero_id","account_id","leaguename"
14321,15,25144,579,32,6,33278,25144,617,8,3455271627,1505916092,false,47,106573901,"PGL DOTA2 OPEN"
14194,11,26194,770,22,1,8613,26194,802,10,3352383050,1501714791,true,46,106573901,"The International 2017"
13925,18,39758,816,17,3,16248,39758,803,12,3148357328,1493540025,true,46,106573901,"Kiev Major"
13260,19,39751,775,29,1,25709,39751,784,10,3258915301,1497826012,true,47,106573901,"The Summit 5"
13235,12,15989,945,16,1,5448,15989,862,3,3616461072,1513196086,true,94,106573901,"Dota Summit 8"
12955,12,20635,513,6,4,26199,20635,702,11,3469756045,1506543988,true,104,106573901,"AMD SAPPHIRE Dota PIT"
12721,10,21574,741,64,2,9473,21771,719,8,3225048663,1496592300,true,11,106573901,"EPICENTER: Moscow Season 2"
12574,4,23350,516,11,1,13579,23350,605,19,3752758474,1519579130,true,45,106573901,"ESL One Katowice 2018 powered by Intel"
12548,8,12839,729,5,1,16971,17963,592,12,1882909382,1445460380,true,19,106573901,"The Defense Season 5"
12182,23,53368,670,17,6,58233,54541,626,24,3354345479,1501812586,true,43,106573901,"The International 2017"
12031,10,25457,692,15,1,23981,27390,803,9,3525994644,1509120812,true,95,106573901,"ESL One Hamburg 2017"
11868,15,17749,854,12,0,14987,21521,641,11,1878679558,1445282874,true,19,106573901,"The Summit 4"
11761,6,12556,800,29,1,6087,12556,736,7,3625490002,1513563501,true,48,106573901,"Dota Summit 8"
11308,19,19303,785,10,2,14991,18812,617,9,1843563913,1443994772,true,19,106573901,"ESL One at New York Super Week"
11017,10,41525,677,30,6,18973,41525,498,16,2899868494,1483782306,true,35,106573901,"ESL One Genting 2017"
10946,11,31063,647,10,9,37644,31063,760,16,3256489256,1497742040,true,52,106573901,"The Summit 5"
10813,11,21570,721,2,5,37905,21570,843,13,3049521638,1489262392,true,82,106573901,"Kiev Major"
10779,10,42242,744,48,4,29457,42323,727,13,3195651041,1495375301,false,11,106573901,"DreamLeague season 7"
10779,3,9072,707,18,3,6990,9072,643,5,3607109048,1512798390,true,48,106573901,"2017 Mars Dota 2 League"
10654,9,18494,728,24,1,8167,18494,720,8,3143459631,1493321165,true,11,106573901,"Kiev Major"
10617,11,32345,685,10,4,43603,32389,700,13,3481228289,1507053001,true,49,106573901,"DreamLeague season 7"
10600,8,15029,639,17,0,9595,15029,588,6,2717155735,1476723150,true,49,106573901,"The Summit 5"
10479,8,31621,607,36,1,11293,32311,650,10,3368249009,1502411977,true,47,106573901,"The International 2017"
10471,15,31774,828,15,0,6046,31774,815,8,2738512449,1477593743,true,74,106573901,"The Boston Major 2016"
10421,9,21961,562,14,3,25217,22043,565,11,3862694365,1525278196,true,43,106573901,"EPICENTER XL"
10264,6,59484,537,17,7,26636,59484,692,28,3463883085,1506270112,true,40,106573901,"ESL One Hamburg 2017"
10234,6,12177,677,29,0,9933,12177,626,10,3048303199,1489227766,true,49,106573901,"Kiev Major"
10167,11,42051,735,11,1,20856,42051,726,5,3228862847,1496759655,true,99,106573901,"EPICENTER: Moscow Season 2"
10148,13,19066,711,47,0,11811,19066,742,14,3605580580,1512731194,true,11,106573901,"2017 Mars Dota 2 League"
9759,6,18189,552,11,1,26881,18189,601,13,3352153962,1501699478,true,49,106573901,"The International 2017"
9741,8,25500,615,11,3,20952,25500,566,13,2740099399,1477663886,true,19,106573901,"The Boston Major 2016"
9681,9,18979,683,8,3,13756,18979,758,7,3492923816,1507575002,true,49,106573901,"DreamLeague season 7"
9637,9,23299,693,10,3,17622,23299,738,15,3928337789,1527926691,true,52,106573901,"CHINA DOTA2 SUPER MAJOR"
9571,11,16641,718,49,1,8688,16641,672,14,2740429436,1477672232,true,11,106573901,"The Boston Major 2016"
9551,7,13143,643,33,2,14697,13143,680,11,3552645913,1510261680,true,15,106573901,"DreamLeague season 8"
9467,10,17724,597,25,2,5211,17724,553,13,3805545412,1522320894,true,45,106573901,"Dota 2 Asia Championships 2018"
9330,16,39173,721,34,1,8724,39173,667,11,3530401688,1509304243,true,35,106573901,"ESL One Hamburg 2017"
9318,9,27166,1064,8,1,25425,27166,790,17,3461557055,1506182191,true,73,106573901,"ESL One Hamburg 2017"
8985,8,29997,640,20,8,27328,47433,547,15,1933638419,1447451253,true,11,106573901,"The Frankfurt Major 2015"
8908,14,42881,673,25,1,19883,42881,615,13,3258835977,1497821194,true,39,106573901,"The Summit 5"
8845,8,32408,701,21,5,24697,32408,661,12,3463606936,1506261760,true,25,106573901,"ESL One Hamburg 2017"
8756,9,53117,775,27,4,23852,53117,601,12,2833537989,1481298077,false,35,106573901,"The Boston Major 2016"
8693,12,28615,711,16,3,22478,28615,680,11,3540529925,1509732359,true,12,106573901,"AMD SAPPHIRE Dota PIT"
8678,18,33185,740,8,2,15436,33185,690,16,3808671269,1522477351,true,72,106573901,"Dota 2 Asia Championships 2018"
8673,16,27584,608,23,3,11755,27584,658,12,3542359881,1509803770,true,9,106573901,"AMD SAPPHIRE Dota PIT"
8626,7,21678,624,5,3,13527,21678,649,15,2730231450,1477238455,true,49,106573901,"Dota Pit League Season Five"
8570,13,91886,799,40,6,31022,91886,608,14,3552694103,1510265401,false,35,106573901,"DreamLeague season 8"
8554,10,22928,921,16,0,3736,22928,932,12,3147083553,1493481688,true,46,106573901,"Kiev Major"
8452,7,16454,609,15,0,5476,16454,528,13,3910845348,1527156100,true,43,106573901,"ESL One Birmingham 2018 powered by Intel"
8386,12,15430,705,11,0,11211,17981,596,7,1829895786,1443545662,true,19,106573901,"Nanyang Championships"
8332,2,8779,513,6,2,14695,8779,444,10,2829238708,1481124442,true,49,106573901,"The Boston Major 2016"
8229,13,30432,626,30,3,13801,30432,674,14,3530486844,1509308688,true,47,106573901,"ESL One Hamburg 2017"
8216,6,9489,578,24,1,8800,9489,466,4,3560422984,1510599792,true,49,106573901,"Dota Summit 8"
8210,11,13862,574,17,0,5906,13862,533,13,3917561625,1527429939,true,43,106573901,"ESL One Birmingham 2018 powered by Intel"
8184,8,19916,612,16,4,28274,19916,617,14,3818797818,1523007220,true,49,106573901,"Dota 2 Asia Championships 2018"
8150,6,12258,670,23,1,11042,16128,543,11,2061913138,1452191169,true,19,106573901,"The Shanghai Major"
8063,5,16894,496,18,3,16307,16894,483,8,3259012549,1497833020,true,43,106573901,"The Summit 5"
8045,10,65103,628,29,9,37575,67024,612,7,3540681433,1509738136,false,9,106573901,"AMD SAPPHIRE Dota PIT"
7961,12,30365,604,19,10,26776,30743,655,7,3481108573,1507048201,true,56,106573901,"DreamLeague season 7"
7941,10,34866,668,14,2,20779,34866,712,14,3744526729,1519161615,true,49,106573901,"ESL One Katowice 2018 powered by Intel"
7910,11,13590,733,19,3,16644,17657,587,7,1868898751,1444935417,true,19,106573901,"The Summit 4"
7905,12,18468,706,18,2,7044,18468,671,11,2671168361,1474909028,true,11,106573901,"The BTS Series"
7854,10,43226,705,24,2,11850,43226,569,12,3046758563,1489161358,true,35,106573901,"Kiev Major"
7794,12,35690,748,31,3,25520,35690,713,8,3137764244,1493042816,false,11,106573901,"Kiev Major"
7766,12,16806,960,21,1,4533,16806,993,4,2820548438,1480780391,true,46,106573901,"The Boston Major 2016"
7763,10,19938,601,15,0,7950,19938,656,18,3235483600,1497016085,true,95,106573901,"EPICENTER: Moscow Season 2"
7661,6,71096,1024,3,6,58129,72004,739,16,3525840237,1509115686,false,73,106573901,"ESL One Hamburg 2017"
7611,11,35654,619,4,8,61936,35654,574,24,3048837583,1489241991,true,82,106573901,"Kiev Major"
7585,10,17955,608,18,7,30330,28832,501,7,2525936759,1469372761,true,59,106573901,"Global Grand Masters by Prodota.eu"
7576,14,30549,669,8,1,18514,30549,883,15,4061867364,1534362095,true,63,106573901,"The International 2018"
7540,10,8497,606,16,4,11315,9567,466,15,2379562978,1463858204,true,77,106573901,"SL i-League StarSeries S2"
7464,13,46472,793,28,3,49322,46472,739,12,3857223519,1525026807,false,10,106573901,"EPICENTER XL"
7460,16,27101,723,17,2,10373,27101,644,13,3816709362,1522893102,true,72,106573901,"Dota 2 Asia Championships 2018"
7452,16,37026,683,24,1,6842,37026,706,10,3860917809,1525191944,true,47,106573901,"EPICENTER XL"
7415,21,29479,696,41,1,14061,29479,673,12,3928102591,1527917123,true,4,106573901,"CHINA DOTA2 SUPER MAJOR"
7336,8,21334,494,20,5,16838,28609,493,16,1983417752,1449392777,false,47,106573901,"Global eSports Cup LAN Finals Season 1"
7334,10,20466,601,5,2,18822,20466,693,12,3249004797,1497459736,true,49,106573901,"The Summit 5"
7314,5,21241,515,19,2,15208,21241,585,10,3562171562,1510685216,true,43,106573901,"Dota Summit 8"
7192,7,13090,569,14,0,4952,13090,515,7,3249497023,1497482926,true,43,106573901,"The Summit 5"
7191,10,23926,675,13,3,18357,23926,684,7,3465827554,1506358884,true,25,106573901,"AMD SAPPHIRE Dota PIT"
7171,10,16128,681,18,3,6686,20860,712,11,1868806765,1444932013,true,46,106573901,"The Summit 4"
7158,13,18077,719,10,2,13782,24177,668,13,1909898287,1446485860,true,11,106573901,"ASUS ROG DreamLeague Season 4"
7107,8,13187,739,20,0,3045,18635,677,11,2268239419,1459630229,true,74,106573901,"EPICENTER: Moscow"
7081,6,16364,665,12,0,4344,16364,554,9,2787628023,1479514761,true,49,106573901,"The Summit 5"
7054,6,21924,638,21,2,10432,21924,571,13,2739945449,1477660143,true,74,106573901,"The Boston Major 2016"
6993,7,19300,600,16,5,19389,26073,603,16,1910241246,1446500408,true,11,106573901,"The Defense Season 5"
6970,10,20575,720,33,0,6362,20575,554,11,2756491371,1478293183,true,35,106573901,"ESL One Frankfurt 2016"
6970,8,13445,555,26,2,13870,13445,527,16,3768548189,1520426928,true,43,106573901,"PGL BUCHAREST MAJOR 2018"
6953,3,5452,572,6,0,6527,5452,475,7,3045936211,1489136521,true,49,106573901,"Kiev Major"
6882,4,13788,627,10,3,14056,21128,579,19,1821874170,1443283619,true,11,106573901,"Nanyang Championships"
6857,6,22432,593,16,3,28564,22432,595,15,3149353238,1493570791,true,49,106573901,"Kiev Major"
6807,16,29801,635,15,3,21466,29801,724,8,3859017359,1525109242,true,43,106573901,"EPICENTER XL"
6749,12,25757,654,16,4,20019,33145,600,8,1976836813,1449155233,true,11,106573901,"StarLadder | i-League"
6725,10,34450,638,17,3,22122,34450,565,12,3047026684,1489170324,true,35,106573901,"Kiev Major"
6721,10,13358,763,17,1,5683,15616,687,5,2152400343,1455472693,true,74,106573901,"Dota Pit League Season Four"
6711,8,28688,710,44,1,15644,28688,711,7,3744481509,1519158049,true,72,106573901,"ESL One Katowice 2018 powered by Intel"
6648,6,11778,530,10,1,8812,11778,470,11,2756412495,1478289855,true,49,106573901,"ESL One Frankfurt 2016"
6599,8,17719,705,20,0,5619,17719,638,4,3574837639,1511283803,true,19,106573901,"D2CL Season 7"
6592,12,39103,600,15,6,50585,40079,668,23,3943262880,1528599447,true,23,106573901,"CHINA DOTA2 SUPER MAJOR"
6580,11,61671,653,24,4,19167,61671,603,16,2763648410,1478552100,true,74,106573901,"ASUS ROG DreamLeague Season 6"
6580,10,27802,718,33,5,20311,27802,632,12,3529546799,1509274933,true,12,106573901,"ESL One Hamburg 2017"
6485,15,43980,584,41,5,34234,43980,629,8,3366419778,1502334252,false,47,106573901,"The International 2017"
6432,17,22907,660,12,4,17692,28639,644,10,1880833167,1445371911,true,39,106573901,"ASUS ROG DreamLeague Season 4"
6426,8,15282,594,18,4,16357,15282,557,8,3928234992,1527922866,true,43,106573901,"CHINA DOTA2 SUPER MAJOR"
6390,12,26239,668,17,1,6253,26239,683,12,2712341613,1476547485,true,35,106573901,"Dota Pit League Season Five"
6354,10,16779,652,16,4,21612,24538,699,11,1970848730,1448897817,true,11,106573901,"Global eSports Cup LAN Finals Season 1"
6350,10,26723,600,9,3,17101,26723,589,16,3866190562,1525451922,true,95,106573901,"EPICENTER XL"
6341,4,14780,651,7,4,12216,14780,721,9,3465738464,1506355345,true,25,106573901,"AMD SAPPHIRE Dota PIT"
6305,16,32604,750,9,3,23373,32604,737,11,3492992150,1507578689,true,12,106573901,"DreamLeague season 7"
6229,8,17406,706,16,0,8839,17406,715,11,3529812480,1509283178,true,4,106573901,"ESL One Hamburg 2017"
6223,7,12481,702,31,1,7056,12602,651,12,2783292895,1479341329,true,74,106573901,"The Summit 5"
6205,6,13568,498,22,3,13725,16009,548,15,1916744735,1446754088,true,56,106573901,"The Defense Season 5"
6178,14,20961,749,20,0,5408,22072,668,9,1894659683,1445889788,true,46,106573901,"The Defense Season 5"
6107,9,19913,638,31,0,7832,19913,585,6,3625315335,1513551650,true,10,106573901,"Dota Summit 8"
6104,12,21180,581,4,4,42847,21180,839,8,3485007131,1507234500,true,82,106573901,"DreamLeague season 7"
6033,18,42723,684,11,3,21519,42723,800,11,3560337697,1510595875,true,19,106573901,"Dota Summit 8"
6029,8,29568,656,29,1,4920,29568,528,15,2783336928,1479344676,true,35,106573901,"The Summit 5"
6019,11,24306,617,28,1,14156,24306,698,7,3620675836,1513381466,true,19,106573901,"Dota Summit 8"
5866,8,12427,568,15,1,8603,16556,514,8,1932608822,1447415977,true,43,106573901,"The Frankfurt Major 2015"
5817,6,12266,555,45,2,6645,12266,523,4,3352100275,1501696687,true,47,106573901,"The International 2017"
5765,12,33248,640,10,1,13772,33248,660,19,3773436674,1520672567,true,72,106573901,"PGL BUCHAREST MAJOR 2018"
5761,1,5184,633,38,1,3943,5184,422,13,3051727030,1489342726,true,95,106573901,"Kiev Major"
5760,7,19661,642,11,0,11601,19661,624,11,3354159000,1501797769,true,18,106573901,"The International 2017"
5750,11,20491,763,12,1,5262,20491,790,11,3051030608,1489321351,true,46,106573901,"Kiev Major"
5749,14,26489,680,25,3,8388,27315,784,7,3941608894,1528531620,true,25,106573901,"CHINA DOTA2 SUPER MAJOR"
5715,8,18380,633,7,3,12833,21181,522,14,1843672837,1444001946,true,11,106573901,"ESL One at New York Super Week"
5689,8,15441,694,11,6,4882,15441,652,9,3249120421,1497463826,true,25,106573901,"The Summit 5"
5674,6,11976,664,29,2,6045,11976,664,5,3766681094,1520323325,true,11,106573901,"PGL BUCHAREST MAJOR 2018"
5627,9,17405,720,13,3,12313,17405,741,11,2756266984,1478284503,true,17,106573901,"ASUS ROG DreamLeague Season 6"
5600,8,27916,533,14,4,25647,27916,606,15,2742296197,1477747898,true,49,106573901,"The Boston Major 2016"
5576,3,7525,527,3,0,5255,7525,512,5,2736535496,1477508395,true,49,106573901,"ASUS ROG DreamLeague Season 6"
5564,4,9972,592,23,2,7169,12714,481,9,2064312186,1452276423,true,74,106573901,"The Shanghai Major"
5550,8,14328,615,19,2,10782,14328,680,15,3524404781,1509042319,true,43,106573901,"ESL One Hamburg 2017"
5540,2,20605,557,18,1,12350,20605,677,16,3908954812,1527069585,true,49,106573901,"ESL One Birmingham 2018 powered by Intel"
5516,4,15715,508,12,3,16390,15715,541,6,3225170101,1496596501,true,49,106573901,"EPICENTER: Moscow Season 2"
5512,6,29835,656,9,2,16598,29835,671,22,3818707653,1523002953,true,72,106573901,"Dota 2 Asia Championships 2018"
5464,12,13690,605,17,5,18543,15750,586,15,2403395785,1464711977,true,43,106573901,"SL i-League StarSeries S2"
5435,11,29502,654,12,0,8927,29502,617,9,3775730294,1520769605,true,72,106573901,"PGL BUCHAREST MAJOR 2018"
5434,9,17191,516,17,7,24080,26569,545,16,1894771432,1445895340,true,21,106573901,"The Defense Season 5"
5429,10,17673,618,34,3,8076,17673,644,3,3574758829,1511280497,true,47,106573901,"D2CL Season 7"
5426,9,24242,715,41,3,8028,24242,793,10,3226859073,1496672253,true,39,106573901,"EPICENTER: Moscow Season 2"
5421,10,15665,633,16,5,11509,20433,639,10,2268058627,1459623638,false,74,106573901,"EPICENTER: Moscow"
5416,10,14696,567,27,0,7246,14696,561,15,3910932361,1527159507,true,43,106573901,"ESL One Birmingham 2018 powered by Intel"
5351,22,29749,723,25,4,24595,47011,647,10,2108944190,1453910928,true,74,106573901,"WePlay League Season 3"
5336,11,27282,598,27,3,16724,27282,703,11,3625422067,1513559053,true,15,106573901,"Dota Summit 8"
5306,4,7880,564,7,3,9358,7880,551,14,3046345475,1489150245,true,95,106573901,"Kiev Major"
5303,9,30978,527,19,4,40904,30978,537,20,3810667407,1522566554,true,43,106573901,"Dota 2 Asia Championships 2018"
5289,7,12139,541,24,4,16446,19871,457,7,2443155396,1466184984,true,43,106573901,"ESL One Frankfurt 2016"
5270,17,26923,800,32,3,6972,26923,808,10,3861026687,1525196265,true,46,106573901,"EPICENTER XL"
5250,2,8478,639,14,0,3054,10189,609,6,1974009775,1449044356,true,11,106573901,"Global eSports Cup LAN Finals Season 1"
5240,5,17929,544,25,2,8417,17929,571,10,3461313295,1506175388,true,40,106573901,"ESL One Hamburg 2017"
5233,16,27246,767,23,0,4554,27246,757,11,3933995420,1528171422,true,46,106573901,"CHINA DOTA2 SUPER MAJOR"
5203,7,17258,585,21,2,5623,17258,754,9,3364210383,1502226704,true,40,106573901,"The International 2017"
5192,13,26188,699,66,0,9681,27144,795,11,3549168535,1510089003,true,74,106573901,"DreamLeague season 8"
5134,6,15965,529,26,1,14673,15965,544,13,3818333792,1522980006,true,43,106573901,"Dota 2 Asia Championships 2018"
5130,15,73712,1051,32,2,23729,73712,773,16,3592440441,1512124808,false,94,106573901,"DreamLeague season 8"
5129,8,12228,645,42,1,12551,17611,657,17,2525810868,1469369325,true,6,106573901,"Global Grand Masters by Prodota.eu"
5088,11,13544,712,7,0,9861,16959,703,20,2384256117,1464020473,true,77,106573901,"Nanyang Championships Season 2"
5079,12,14110,629,30,3,13837,23344,544,5,2113367447,1454083546,true,74,106573901,"WePlay League Season 3"
5079,3,13223,598,17,5,12983,13223,618,4,3563931981,1510775402,false,49,106573901,"DreamLeague season 8"
5072,12,19337,723,20,0,6843,19337,728,10,3752505318,1519568982,true,72,106573901,"ESL One Katowice 2018 powered by Intel"
5068,16,32363,644,16,3,11467,32363,767,11,2661785371,1474563645,true,9,106573901,"The BTS Series"
5022,5,14898,496,8,2,16017,14898,614,16,3915145827,1527339680,true,49,106573901,"ESL One Birmingham 2018 powered by Intel"
4970,12,29758,584,15,6,16286,29758,573,8,3909514591,1527087180,true,72,106573901,"ESL One Birmingham 2018 powered by Intel"
4931,9,12087,671,7,2,6246,16162,637,9,2244121749,1458755463,true,74,106573901,"DreamLeague Season 5"
4926,6,16863,512,12,1,11544,16863,419,12,2760988203,1478444357,true,43,106573901,"ESL One Frankfurt 2016"
4923,16,36758,664,23,0,22558,36758,706,11,3354286673,1501808227,true,39,106573901,"The International 2017"
4906,3,9941,469,10,4,21557,9941,458,7,2931616151,1485078514,false,49,106573901,"Dota Pit League Season Five"
4903,22,38928,686,7,5,31771,61614,542,11,1916220690,1446735782,false,99,106573901,"ASUS ROG DreamLeague Season 4"
4881,6,15324,660,23,2,5934,15324,637,7,2751994184,1478111098,true,74,106573901,"ASUS ROG DreamLeague Season 6"
4879,7,19250,673,36,5,16766,19250,660,6,3625366950,1513555077,false,11,106573901,"Dota Summit 8"
4877,9,27806,639,25,1,18829,27806,649,15,3357892393,1501952465,true,39,106573901,"The International 2017"
4850,5,10485,664,7,5,32338,20976,590,4,2063729877,1452262006,false,19,106573901,"The Shanghai Major"
4847,9,14795,836,33,0,2888,14795,726,6,2751902069,1478107835,true,46,106573901,"ASUS ROG DreamLeague Season 6"
4836,9,12016,708,16,5,10534,17146,693,9,1939395493,1447673691,true,11,106573901,"The Frankfurt Major 2015"
4822,14,41516,746,42,4,14588,41516,842,11,4065140946,1534547248,false,46,106573901,"The International 2018"
4821,15,16526,654,6,4,10296,16526,698,7,3081786452,1490634132,true,25,106573901,"Captains Draft 3.0 Presented by DotaCinema & MoonduckTV"
4816,10,23442,563,12,1,5700,23442,610,7,3857133774,1525022756,true,25,106573901,"EPICENTER XL"
4795,11,23399,548,14,5,23512,23399,580,8,4063413580,1534451741,true,70,106573901,"The International 2018"
4791,7,13237,608,34,1,11828,14592,568,11,1961356945,1448552271,true,47,106573901,"ASUS ROG DreamLeague Season 4"
4758,9,26348,741,19,2,7748,26348,610,7,2751493689,1478095896,true,76,106573901,"ESL One Frankfurt 2016"
4749,6,10348,693,11,4,6556,10348,759,11,3459193562,1506091534,true,25,106573901,"ESL One Hamburg 2017"
4724,13,43834,603,11,8,37048,48707,618,21,3917700931,1527433842,true,23,106573901,"ESL One Birmingham 2018 powered by Intel"
4669,16,22276,599,3,7,17369,22276,664,12,4061802430,1534357787,true,17,106573901,"The International 2018"
4664,11,14168,698,16,3,6547,16708,609,3,1889178077,1445698867,true,46,106573901,"StarLadder | i-League"
4658,13,23839,732,12,1,5902,23839,716,7,3138908078,1493107074,true,44,106573901,"Kiev Major"
4618,6,7180,564,16,1,7779,7180,480,7,3459106905,1506089148,true,43,106573901,"ESL One Hamburg 2017"
4584,5,9075,587,3,0,7975,11018,515,10,2381310996,1463918656,true,49,106573901,"Nanyang Championships Season 2"
4571,15,22115,708,37,1,8984,22115,708,17,2900041187,1483787700,true,74,106573901,"ESL One Genting 2017"
4547,11,18608,610,11,4,18265,26284,677,15,2308134121,1461172495,false,74,106573901,"DreamLeague Season 5"
4527,3,8275,518,10,1,9013,8275,477,4,2719226671,1476814623,true,49,106573901,"The Summit 5"
4524,5,7580,691,20,2,5377,7580,650,4,2751344295,1478092096,true,76,106573901,"ESL One Frankfurt 2016"
4495,11,22607,574,22,0,15266,22607,654,15,4063131437,1534435206,true,19,106573901,"The International 2018"
4488,10,16436,639,12,2,12796,17714,585,6,1892076970,1445788864,true,11,106573901,"StarLadder | i-League"
4428,11,20954,612,10,1,12678,20954,650,18,3943673479,1528616020,true,4,106573901,"CHINA DOTA2 SUPER MAJOR"
4416,5,11523,617,16,0,3494,11523,632,6,3053424880,1489422339,true,76,106573901,"Kiev Major"
4413,7,23147,550,15,4,19649,23147,678,13,3624958444,1513533715,true,19,106573901,"Dota Summit 8"
4350,14,38428,576,26,2,15899,38428,639,8,3616514538,1513199437,true,19,106573901,"Dota Summit 8"
4339,9,16678,663,10,4,7315,16678,585,9,2718918129,1476803911,true,11,106573901,"The Summit 5"
4325,9,12692,669,13,1,4628,16946,598,5,1892182579,1445791813,true,46,106573901,"StarLadder | i-League"
4270,11,20400,608,14,3,23877,29851,582,15,2482030715,1467653451,true,43,106573901,"Global Grand Masters by Prodota.eu"
4268,16,16009,563,2,7,10614,23583,582,21,2310293354,1461259795,true,74,106573901,"DreamLeague Season 5"
4267,5,7432,532,5,2,7972,7432,522,9,3256432686,1497738693,true,4,106573901,"The Summit 5"
4258,16,23618,576,5,2,10317,23618,659,8,4065095713,1534543416,true,17,106573901,"The International 2018"
4256,12,19675,652,24,6,23197,35023,487,15,2254080063,1459097925,false,74,106573901,"EPICENTER: Moscow"
4215,13,29291,646,16,6,19872,29291,687,16,3808843431,1522485175,true,25,106573901,"Dota 2 Asia Championships 2018"
4196,7,14978,579,18,5,21405,25267,603,11,1840970826,1443919591,true,11,106573901,"ESL One at New York Super Week"
4174,10,14944,612,24,2,6087,14944,617,7,3467684045,1506441531,true,9,106573901,"AMD SAPPHIRE Dota PIT"
4172,18,29353,743,34,2,9744,29353,626,9,2703926104,1476212434,true,76,106573901,"ASUS ROG DreamLeague Season 6"
4142,10,19013,644,12,1,8905,20891,637,18,2133116534,1454779687,true,74,106573901,"WePlay League Season 3"
4142,10,16298,529,15,2,10298,20569,461,15,1832617510,1443639325,true,106,106573901,"Nanyang Championships"
4133,12,15305,585,22,3,11761,15305,628,11,3469697259,1506540371,true,41,106573901,"AMD SAPPHIRE Dota PIT"
4130,9,15277,538,21,5,13925,15355,592,13,3463784812,1506266661,true,43,106573901,"ESL One Hamburg 2017"
4108,15,17750,661,34,3,15499,26573,619,12,2077718141,1452774436,true,74,106573901,"StarLadder | i-League"
4106,9,13444,628,16,0,12508,14993,563,5,2069063624,1452432941,true,43,106573901,"The Shanghai Major"
4102,7,10555,697,9,0,3549,10953,624,6,1866517273,1444840213,true,46,106573901,"ASUS ROG DreamLeague Season 4"
4098,12,35641,478,24,8,54836,35730,602,13,3594381943,1512207084,false,43,106573901,"DreamLeague season 8"
4088,13,28162,549,22,2,17850,28162,592,13,3857361495,1525033874,true,43,106573901,"EPICENTER XL"
4074,11,15945,637,18,1,13405,20256,567,13,2463564353,1466949485,true,8,106573901,"The International 2016"
4042,11,22729,693,36,1,9821,22729,741,7,3624843844,1513530073,true,19,106573901,"Dota Summit 8"
4002,10,11338,731,18,2,7475,11386,672,8,1932755249,1447420521,true,11,106573901,"The Frankfurt Major 2015"
3991,11,23183,655,24,1,20898,45948,483,17,2288838440,1460404125,true,74,106573901,"ESL One Frankfurt 2016"
3978,8,12812,768,19,0,1585,12812,716,6,3196027182,1495386599,true,46,106573901,"DreamLeague season 7"
3974,2,13172,518,5,3,13600,13172,454,15,2738595659,1477597291,true,49,106573901,"The Boston Major 2016"
3962,6,15571,612,12,2,8705,15571,683,5,3228730870,1496755912,true,25,106573901,"EPICENTER: Moscow Season 2"
3947,15,21399,662,26,0,6559,21399,617,5,3909391492,1527083822,true,39,106573901,"ESL One Birmingham 2018 powered by Intel"
3905,13,23138,545,15,9,45629,47191,397,29,1827190807,1443452749,true,11,106573901,"Nanyang Championships"
3898,12,21548,731,27,1,12033,27600,664,13,2152290464,1455469292,true,74,106573901,"Dota Pit League Season Four"
3881,17,28595,651,20,2,9068,28595,602,6,3805388478,1522313285,true,35,106573901,"Dota 2 Asia Championships 2018"
3858,12,16063,597,13,2,13703,20845,548,14,1886935076,1445621738,true,81,106573901,"ASUS ROG DreamLeague Season 4"
3850,10,11814,602,12,1,4692,11814,669,7,3364162010,1502223753,true,25,106573901,"The International 2017"
3840,9,18321,546,32,2,16422,18321,598,14,3941137339,1528509632,true,43,106573901,"CHINA DOTA2 SUPER MAJOR"
3837,11,19317,606,12,0,9139,23834,531,13,2328130298,1461939490,true,19,106573901,"WePlay League Season 3"
3835,9,13276,664,17,1,12064,18767,698,15,2463866292,1466957889,true,43,106573901,"The International 2016"
3835,7,24245,605,28,6,16281,24245,646,13,3355887483,1501872023,true,74,106573901,"The International 2017"
3832,1,6601,562,17,0,9549,6601,407,7,2782906184,1479319391,true,49,106573901,"The Summit 5"
3800,5,15902,463,27,3,14086,15902,455,1,3700150918,1516963881,false,43,106573901,"ESL One Genting 2018"
3786,16,38458,708,18,4,16725,38458,735,4,2760844196,1478440750,true,17,106573901,"ESL One Frankfurt 2016"
3784,5,11184,541,29,0,3268,11994,584,14,3933892648,1528163971,true,23,106573901,"CHINA DOTA2 SUPER MAJOR"
3781,13,19143,554,22,4,25216,19143,612,10,3606910502,1512788580,true,43,106573901,"2017 Mars Dota 2 League"
3766,10,37735,583,13,5,14881,37735,625,19,3820112359,1523071086,false,72,106573901,"Dota 2 Asia Championships 2018"
3751,12,51651,619,7,3,26000,51651,692,16,3258445124,1497805168,true,76,106573901,"The Summit 5"
3729,7,22772,556,34,2,17157,24374,595,12,3562093731,1510681226,true,20,106573901,"Dota Summit 8"
3703,5,25574,691,22,3,8963,25574,592,18,3148230043,1493535615,true,40,106573901,"Kiev Major"
3699,6,13792,597,12,1,12564,22060,552,10,2099714590,1453568737,true,43,106573901,"Dota Pit League Season Four"
3691,9,14537,602,9,3,8089,14537,610,12,2663984811,1474650811,true,74,106573901,"The BTS Series"
3687,9,14836,633,9,1,7141,17909,664,12,1975286617,1449087423,true,25,106573901,"StarLadder | i-League"
3684,12,17363,602,17,4,12769,17363,578,11,2719361223,1476820713,true,35,106573901,"The Summit 5"
3683,2,16590,443,12,5,27894,16590,417,14,3820170555,1523075077,false,49,106573901,"Dota 2 Asia Championships 2018"
3680,3,13572,599,9,2,7243,13572,561,15,2897415426,1483692961,true,11,106573901,"ESL One Genting 2017"
3641,12,16673,568,18,0,5056,16673,568,5,3751104948,1519501528,true,76,106573901,"ESL One Katowice 2018 powered by Intel"
3625,12,24577,624,37,6,24190,42845,627,19,2376456186,1463760054,true,72,106573901,"SL i-League StarSeries S2"
3615,9,16232,493,22,4,21164,16232,569,9,3616571379,1513203479,true,41,106573901,"Dota Summit 8"
3614,5,11344,484,9,1,9823,11344,596,10,3592614727,1512130979,true,52,106573901,"DreamLeague season 8"
3579,15,35065,623,17,3,12943,35065,715,12,2927313529,1484914030,true,35,106573901,"Dota Pit League Season Five"
3564,17,22733,612,17,4,19460,29118,672,20,1933563740,1447447370,true,21,106573901,"The Frankfurt Major 2015"
3539,4,49665,897,3,2,32219,49665,442,10,2712507877,1476551620,true,73,106573901,"Dota Pit League Season Five"
3513,16,84774,688,33,4,54309,84774,649,17,3368158118,1502404357,false,4,106573901,"The International 2017"
3512,23,39474,669,24,4,23261,39474,748,12,3147190590,1493485153,true,70,106573901,"Kiev Major"
3488,12,24071,491,8,6,26971,41296,571,19,1832469058,1443634700,true,106,106573901,"Nanyang Championships"
3443,11,19989,485,19,4,11745,19989,520,6,3867646351,1525520093,true,47,106573901,"EPICENTER XL"
3398,22,26441,732,15,3,46596,48084,539,18,1912442166,1446584106,true,39,106573901,"ASUS ROG DreamLeague Season 4"
3372,6,34138,640,13,3,18833,34138,641,8,3695119172,1516708293,true,19,106573901,"ESL One Genting 2018"
3334,10,19850,552,58,2,13173,19850,591,13,3358299746,1501971354,true,75,106573901,"The International 2017"
3328,7,9464,595,15,2,7182,9464,560,13,2792706825,1479683063,true,8,106573901,"The Summit 5"
3314,10,27416,552,11,3,18918,27416,618,14,3695231259,1516712294,true,19,106573901,"ESL One Genting 2018"
3306,5,10273,608,19,0,3363,10510,590,9,1829791286,1443542849,true,46,106573901,"Nanyang Championships"
3300,11,41305,565,16,6,28174,41305,620,15,3563837364,1510770599,false,52,106573901,"DreamLeague season 8"
3284,18,31708,579,19,2,14464,31708,654,7,2737507041,1477562370,true,19,106573901,"The Boston Major 2016"
3275,11,20649,648,28,0,7357,20649,641,7,3750244771,1519470026,true,72,106573901,"ESL One Katowice 2018 powered by Intel"
3267,4,14320,544,28,3,9179,14320,549,11,3048503481,1489233560,true,37,106573901,"Kiev Major"
3265,7,11012,682,18,1,3155,13950,657,9,2268157891,1459627087,true,74,106573901,"EPICENTER: Moscow"
3245,0,12087,469,10,3,18364,12087,505,16,2792644393,1479678713,true,49,106573901,"The Summit 5"
3239,10,20222,580,16,3,9009,20222,527,11,3773545008,1520676940,true,72,106573901,"PGL BUCHAREST MAJOR 2018"
3235,5,10238,727,20,0,2186,10238,684,4,3051652031,1489339762,true,46,106573901,"Kiev Major"
3234,6,19376,480,22,2,14697,19376,555,10,3750343882,1519473782,false,47,106573901,"ESL One Katowice 2018 powered by Intel"
3208,13,22887,484,18,6,14164,29211,547,16,1911911315,1446566415,true,39,106573901,"StarLadder | i-League"
3207,5,12242,492,27,2,7414,12242,465,15,2739706757,1477653602,true,35,106573901,"The Boston Major 2016"
3198,6,19834,635,35,2,10211,19834,519,7,2783058976,1479325991,true,35,106573901,"The Summit 5"
3192,14,21557,560,21,5,26136,33036,653,15,2379415477,1463853760,true,70,106573901,"SL i-League StarSeries S2"
3160,13,23605,644,42,4,17880,30304,743,19,1843364264,1443986198,true,39,106573901,"ESL One at New York Super Week"
3138,6,19229,536,9,1,17481,19229,548,11,3820058665,1523066812,true,19,106573901,"Dota 2 Asia Championships 2018"
3135,11,31753,569,13,6,28112,31753,437,23,2742488657,1477752912,true,76,106573901,"The Boston Major 2016"
3109,9,16976,662,13,4,18353,26305,699,23,2339945518,1462369872,false,106,106573901,"The Manila Major 2016"
3108,6,21459,551,14,2,10181,21459,526,8,2739373619,1477641629,true,49,106573901,"The Boston Major 2016"
3097,6,12324,520,29,0,7338,12324,561,13,3775825168,1520772945,true,43,106573901,"PGL BUCHAREST MAJOR 2018"
3088,4,7060,468,4,4,15528,8811,423,11,2326203661,1461860467,true,49,106573901,"WePlay League Season 3"
3071,9,15010,609,21,0,1972,15010,528,4,2736611319,1477511997,true,35,106573901,"ASUS ROG DreamLeague Season 6"
3061,15,29417,693,4,1,17602,29417,780,7,3195812905,1495379709,true,17,106573901,"DreamLeague season 7"
3045,4,31582,518,5,6,22858,31582,502,8,3189457454,1495129500,false,9,106573901,"DreamLeague season 7"
3029,4,7497,536,26,5,13078,10841,455,2,2462821757,1466928078,false,59,106573901,"The International 2016"
3005,11,24892,561,26,2,20774,24892,656,14,3525706372,1509111555,true,39,106573901,"ESL One Hamburg 2017"
2982,2,8285,524,21,3,18146,14632,528,14,2460843202,1466855367,true,99,106573901,"The International 2016"
2945,11,18222,517,12,2,12130,18222,485,11,3562026562,1510677966,true,9,106573901,"Dota Summit 8"
2942,16,29175,540,8,7,33289,42404,480,7,1914652159,1446669726,false,99,106573901,"The Summit 4"
2918,3,6394,402,46,3,9283,6394,441,5,3542800810,1509815314,false,3,106573901,"AMD SAPPHIRE Dota PIT"
2882,7,27572,727,26,3,11136,27572,616,15,3256343383,1497734167,true,35,106573901,"The Summit 5"
2882,6,12907,739,24,0,11577,19327,686,8,2375937888,1463745625,true,8,106573901,"SL i-League StarSeries S2"
2881,11,25025,600,14,5,21060,25025,635,6,3193576156,1495297799,true,17,106573901,"DreamLeague season 7"
2862,13,16781,593,11,4,24471,19340,621,13,2109084419,1453915192,true,43,106573901,"WePlay League Season 3"
2860,2,13932,532,19,4,24708,13932,514,7,3763798613,1520162081,false,49,106573901,"PGL BUCHAREST MAJOR 2018"
2857,8,15394,498,18,7,12488,15394,511,11,3576241375,1511361190,true,47,106573901,"D2CL Season 7"
2841,8,21512,539,8,6,22824,21618,759,14,3082000655,1490643032,false,49,106573901,"Captains Draft 3.0 Presented by DotaCinema & MoonduckTV"
2835,9,45536,638,18,2,28427,45536,568,14,2829359016,1481128564,true,9,106573901,"The Boston Major 2016"
2826,15,38590,608,21,8,25732,38590,652,16,3576333193,1511364457,false,47,106573901,"D2CL Season 7"
2802,12,24669,634,20,2,8867,24669,573,8,3752602284,1519572631,true,72,106573901,"ESL One Katowice 2018 powered by Intel"
2802,7,11444,496,15,0,11091,11444,550,8,3943893584,1528623153,true,43,106573901,"CHINA DOTA2 SUPER MAJOR"
2798,9,15331,549,19,2,9360,23814,606,11,2527926557,1469455769,true,8,106573901,"Global Grand Masters by Prodota.eu"
2792,11,21871,556,23,0,10480,21871,627,6,3773950827,1520690648,true,19,106573901,"PGL BUCHAREST MAJOR 2018"
2789,7,13021,551,23,3,11382,13021,609,7,4062061780,1534379457,false,11,106573901,"The International 2018"
2752,12,24781,597,52,1,8771,24781,666,12,3592347071,1512120946,true,76,106573901,"DreamLeague season 8"
2726,6,17061,882,2,3,12003,17061,641,14,4064938488,1534533308,true,73,106573901,"The International 2018"
2722,5,25392,533,27,5,16351,25392,572,10,3230765456,1496844827,false,35,106573901,"EPICENTER: Moscow Season 2"
2665,6,9231,449,14,7,30665,15807,542,21,2384503392,1464028482,false,77,106573901,"Nanyang Championships Season 2"
2658,9,16262,598,9,1,13425,26180,702,16,1864637911,1444763110,true,106,106573901,"The Defense Season 5"
2647,9,21250,634,6,0,5166,21250,774,13,2716954240,1476716756,true,9,106573901,"The Summit 5"
2647,5,11188,528,12,0,4923,11188,449,4,2670958140,1474902371,true,76,106573901,"The BTS Series"
2643,13,20640,488,18,4,15767,20640,508,7,3765708885,1520260434,true,43,106573901,"PGL BUCHAREST MAJOR 2018"
2643,8,19644,543,22,0,14131,19644,653,9,3226722839,1496668503,true,43,106573901,"EPICENTER: Moscow Season 2"
2640,11,17131,579,22,1,7263,17131,545,7,3807181073,1522406181,true,47,106573901,"Dota 2 Asia Championships 2018"
2639,4,10129,476,10,0,6054,10937,362,8,2126100455,1454532450,true,43,106573901,"Dota Pit League Season Four"
2632,10,18228,548,26,2,12240,21069,638,14,1981406723,1449324380,true,47,106573901,"Global eSports Cup LAN Finals Season 1"
2623,3,21444,470,18,7,30416,21444,482,7,3747320300,1519317321,false,19,106573901,"ESL One Katowice 2018 powered by Intel"
2619,10,30656,586,13,2,21460,32236,657,19,3941208711,1528513985,true,23,106573901,"CHINA DOTA2 SUPER MAJOR"
2619,3,12944,455,26,3,11249,12944,437,2,3818623346,1522998940,false,47,106573901,"Dota 2 Asia Championships 2018"
2615,4,14166,455,18,2,10407,14166,547,10,3862603578,1525275083,true,43,106573901,"EPICENTER XL"
2611,8,13502,558,17,3,16740,18991,561,9,2442113000,1466156304,false,49,106573901,"ESL One Frankfurt 2016"
2573,8,12197,627,10,2,9891,17747,666,17,2442244100,1466160518,true,13,106573901,"ESL One Frankfurt 2016"
2573,4,19412,502,8,4,16582,21452,542,22,1974091429,1449047707,true,106,106573901,"Global eSports Cup LAN Finals Season 1"
2572,5,17076,577,15,4,8814,17076,489,13,2715080172,1476635823,true,9,106573901,"The Summit 5"
2570,12,20393,602,11,1,6223,20393,588,14,2704004787,1476215994,true,9,106573901,"ASUS ROG DreamLeague Season 6"
2552,10,19574,687,21,3,29249,19574,667,4,3149054430,1493561542,false,70,106573901,"Kiev Major"
2521,20,31208,749,33,0,9266,31208,672,10,2761501729,1478461043,true,76,106573901,"ESL One Frankfurt 2016"
2511,9,68507,694,19,10,30046,68507,700,13,3605341105,1512720294,false,46,106573901,"2017 Mars Dota 2 League"
2509,8,24727,515,18,7,15746,24727,578,7,3859112825,1525113251,false,25,106573901,"EPICENTER XL"
2502,8,7319,561,10,3,10748,8319,480,8,2376341852,1463757247,true,49,106573901,"SL i-League StarSeries S2"
2500,11,25117,569,27,1,15520,25117,750,20,3774178327,1520697990,true,43,106573901,"PGL BUCHAREST MAJOR 2018"
2495,4,9623,603,25,3,17281,9623,624,4,3357766680,1501948822,false,49,106573901,"The International 2017"
2487,6,13520,624,16,2,7186,13520,553,9,2897064589,1483677730,true,76,106573901,"ESL One Genting 2017"
2464,11,20650,599,7,1,10386,24326,603,29,2333606939,1462120372,true,106,106573901,"WePlay League Season 3"
2446,11,21174,538,38,4,17747,21174,617,12,3806880107,1522390943,true,43,106573901,"Dota 2 Asia Championships 2018"
2432,10,19331,532,9,4,16309,24819,614,22,1866636836,1444844082,true,106,106573901,"ASUS ROG DreamLeague Season 4"
2426,8,16392,610,16,1,12010,21623,559,20,2384114355,1464016612,true,13,106573901,"Nanyang Championships Season 2"
2418,4,17092,562,23,2,9843,17092,674,8,3146937153,1493477315,false,13,106573901,"Kiev Major"
2416,13,20613,454,24,9,26960,28580,493,11,1933132833,1447431119,false,47,106573901,"The Frankfurt Major 2015"
2409,10,35596,669,26,7,20869,35596,736,14,3866060233,1525447481,false,46,106573901,"EPICENTER XL"
2407,11,14632,549,24,0,5997,14681,470,6,1914506207,1446663684,true,39,106573901,"The Summit 4"
2406,12,15508,679,15,0,3411,15508,702,5,2820436440,1480777447,true,11,106573901,"The Boston Major 2016"
2385,11,18186,684,14,5,10152,30115,740,15,2258834387,1459279509,true,74,106573901,"DreamLeague Season 5"
2383,11,39590,514,41,5,43765,40069,578,9,3540226851,1509723123,false,47,106573901,"AMD SAPPHIRE Dota PIT"
2368,5,12387,502,40,1,5106,12387,564,6,3605691617,1512735385,true,47,106573901,"2017 Mars Dota 2 League"
2345,5,10227,572,19,1,17790,12406,583,15,2443279779,1466189231,true,99,106573901,"ESL One Frankfurt 2016"
2344,7,9950,584,22,0,3235,9950,493,6,2671053639,1474905222,true,74,106573901,"The BTS Series"
2341,10,11749,613,21,0,4856,12845,617,7,1841061365,1443924372,true,39,106573901,"ESL One at New York Super Week"
2319,12,22323,592,24,7,25397,43980,532,9,2132910825,1454774558,false,74,106573901,"WePlay League Season 3"
2281,5,28035,571,22,4,22552,28035,479,13,2928296293,1484945935,false,74,106573901,"Dota Pit League Season Five"
2275,9,25288,616,15,5,17962,25288,724,13,3189341121,1495125259,true,17,106573901,"DreamLeague season 7"
2255,18,40164,660,20,8,32043,40164,678,11,3868032433,1525530320,false,76,106573901,"EPICENTER XL"
2253,2,4232,400,7,3,10294,4232,401,2,2741865248,1477734830,false,49,106573901,"The Boston Major 2016"
2248,7,11287,735,19,0,2277,11287,694,7,2927197348,1484910207,true,46,106573901,"Dota Pit League Season Five"
2243,12,24617,571,18,1,9263,30323,644,25,1981265554,1449320959,true,39,106573901,"Global eSports Cup LAN Finals Season 1"
2224,9,17880,578,21,2,8897,17880,645,19,3258613234,1497811193,true,75,106573901,"The Summit 5"
2205,2,13429,425,38,6,11996,13429,426,6,3461442465,1506178769,false,47,106573901,"ESL One Hamburg 2017"
2203,14,41931,645,7,5,25181,41931,563,12,3082065542,1490646364,true,9,106573901,"Captains Draft 3.0 Presented by DotaCinema & MoonduckTV"
2199,10,23773,544,18,3,15508,23773,572,14,3593194086,1512149432,true,47,106573901,"DreamLeague season 8"
2195,16,56012,647,13,5,26733,56012,710,7,3747183006,1519311710,false,72,106573901,"ESL One Katowice 2018 powered by Intel"
2172,8,12115,640,9,3,7205,12115,600,12,2761247345,1478451841,true,9,106573901,"ESL One Frankfurt 2016"
2164,16,22681,534,14,3,13340,29155,638,11,1971360796,1448917582,true,39,106573901,"Global eSports Cup LAN Finals Season 1"
2062,5,10308,520,37,5,11643,10308,514,0,2761329697,1478454551,false,11,106573901,"ESL One Frankfurt 2016"
2045,12,33700,615,27,8,21480,33700,633,8,3928022579,1527908147,false,47,106573901,"CHINA DOTA2 SUPER MAJOR"
2040,10,12079,687,15,1,12679,12838,642,8,2128537550,1454626104,true,10,106573901,"Dota Pit League Season Four"
2029,5,5329,504,22,1,2577,5119,449,5,2161051749,1455818669,true,47,106573901,"WePlay League Season 3"
2024,4,13552,590,10,3,6302,14462,532,13,2128484079,1454623017,true,25,106573901,"Dota Pit League Season Four"
2022,5,14931,443,8,2,7932,19649,471,19,1830199019,1443555872,true,106,106573901,"Nanyang Championships"
2005,12,15889,603,22,1,7561,18103,536,8,2125638814,1454515490,true,39,106573901,"WePlay League Season 3"
2005,7,20352,588,7,5,17398,20352,633,13,2661576001,1474557171,true,9,106573901,"The BTS Series"
2004,8,12604,666,24,0,6418,12404,665,10,2149706429,1455383911,true,74,106573901,"WePlay League Season 3"
2003,13,12584,600,19,0,2657,14404,648,7,1975207688,1449083841,true,39,106573901,"StarLadder | i-League"
2003,5,8978,631,32,0,2270,9211,543,3,2142501236,1455123826,true,74,106573901,"ESL One Manila 2016"
1978,8,11700,540,7,3,5589,11700,504,10,2671322845,1474914822,true,13,106573901,"The BTS Series"
1971,19,30050,620,10,2,7587,30050,713,12,3081941914,1490640357,true,70,106573901,"Captains Draft 3.0 Presented by DotaCinema & MoonduckTV"
1969,7,34240,542,13,1,18263,34240,586,3,2737636507,1477567021,false,9,106573901,"The Boston Major 2016"
1960,14,32751,452,39,7,20686,32751,506,10,3853663055,1524852231,false,47,106573901,"EPICENTER XL"
1960,14,21380,613,23,1,10011,31988,551,17,2383927996,1464012134,false,74,106573901,"Nanyang Championships Season 2"
1959,3,9845,308,19,6,18263,15744,306,11,2403608367,1464718951,false,47,106573901,"SL i-League StarSeries S2"
1956,4,11306,468,22,0,6800,11306,471,13,4062034566,1534376395,true,74,106573901,"The International 2018"
1951,6,15988,402,2,11,52386,15988,778,7,3818944364,1523014037,false,82,106573901,"Dota 2 Asia Championships 2018"
1943,12,13592,614,11,1,5962,15560,703,6,1971289057,1448913957,true,21,106573901,"Global eSports Cup LAN Finals Season 1"
1931,9,16445,580,10,1,14552,16445,639,17,2718785428,1476800175,true,9,106573901,"The Summit 5"
1928,4,13849,446,7,10,36527,13849,440,8,3576001184,1511353140,false,49,106573901,"D2CL Season 7"
1878,8,34507,516,48,7,26113,34507,543,7,3549219773,1510092603,false,75,106573901,"DreamLeague season 8"
1857,8,8401,528,21,2,4517,8059,519,5,2142589648,1455126533,true,43,106573901,"ESL One Manila 2016"
1842,6,9465,433,14,3,10230,9698,451,3,1939511048,1447677419,false,21,106573901,"The Frankfurt Major 2015"
1835,4,9078,384,18,6,19747,13933,412,9,1832262143,1443628986,false,15,106573901,"Nanyang Championships"
1831,10,16498,446,7,8,19311,22397,502,21,1976550135,1449147908,true,106,106573901,"StarLadder | i-League"
1806,10,25160,602,27,3,11451,25160,698,12,3256168980,1497727032,true,74,106573901,"The Summit 5"
1798,2,12882,513,17,5,28467,27639,468,8,1932974786,1447426539,false,11,106573901,"The Frankfurt Major 2015"
1797,3,17524,456,14,4,24211,17524,574,14,3609602443,1512894725,false,20,106573901,"2017 Mars Dota 2 League"
1779,4,9798,471,28,6,17798,17016,470,11,2327947633,1461935275,false,74,106573901,"WePlay League Season 3"
1772,1,7858,396,14,4,14012,7858,405,2,3859208891,1525117934,false,43,106573901,"EPICENTER XL"
1769,9,28212,550,18,5,13693,28212,624,11,2717058055,1476719919,false,35,106573901,"The Summit 5"
1764,12,18021,537,12,3,12570,21887,542,12,1973312892,1449002240,true,25,106573901,"StarLadder | i-League"
1762,14,43167,708,25,1,16465,43167,793,15,3694623523,1516684059,true,13,106573901,"ESL One Genting 2018"
1760,9,18294,574,4,0,8079,19597,609,17,1960991586,1448542803,true,106,106573901,"ASUS ROG DreamLeague Season 4"
1756,11,13168,627,37,1,4777,13168,524,10,3053502388,1489425429,true,75,106573901,"Kiev Major"
1743,5,9974,586,32,4,10087,9974,602,1,2741787963,1477731828,false,11,106573901,"The Boston Major 2016"
1738,11,12470,606,17,1,5088,13260,557,3,2144799871,1455210770,true,39,106573901,"WePlay League Season 3"
1724,5,19650,542,10,2,16754,19650,643,17,3743825941,1519128477,true,39,106573901,"ESL One Katowice 2018 powered by Intel"
1715,5,41769,476,36,6,20916,41769,585,18,3149572447,1493579346,false,76,106573901,"Kiev Major"
1700,12,14913,574,5,0,6136,26387,648,9,2065960306,1452339047,true,25,106573901,"The Shanghai Major"
1687,2,20257,405,12,5,29198,20257,509,13,4063477071,1534456550,false,49,106573901,"The International 2018"
1661,4,15940,583,26,1,6660,15940,572,0,3235896984,1497023737,false,11,106573901,"EPICENTER: Moscow Season 2"
1650,6,13226,575,8,0,5848,15492,612,15,2295667570,1460706281,true,13,106573901,"SL i-League Invitational Season 1"
1648,11,14767,515,15,1,8255,16302,467,11,1830116002,1443552622,true,39,106573901,"Nanyang Championships"
1645,7,18301,458,17,7,13530,18301,537,10,3564003018,1510779603,false,39,106573901,"DreamLeague season 8"
1642,2,8612,507,22,2,13234,8612,591,22,2666539352,1474736365,true,41,106573901,"The BTS Series"
1630,11,16246,555,30,3,11634,22873,607,18,2381777544,1463929131,false,13,106573901,"Nanyang Championships Season 2"
1608,8,30679,624,14,7,29113,30679,683,13,3137237965,1493022979,true,17,106573901,"Kiev Major"
1605,1,9914,541,14,2,6542,9914,488,6,2706026434,1476300598,true,9,106573901,"ASUS ROG DreamLeague Season 6"
1603,8,20011,573,24,2,17198,20011,610,2,3193230372,1495288810,false,11,106573901,"DreamLeague season 7"
1582,7,11888,493,27,1,6125,13689,495,13,3927969458,1527904857,true,23,106573901,"CHINA DOTA2 SUPER MAJOR"
1561,12,20444,577,16,2,11071,20444,606,13,3915279179,1527343117,true,76,106573901,"ESL One Birmingham 2018 powered by Intel"
1555,12,24767,576,18,3,10210,24767,768,12,3563757526,1510767004,true,7,106573901,"DreamLeague season 8"
1550,9,13575,532,17,1,5316,16277,561,19,2340129012,1462374590,true,13,106573901,"The Manila Major 2016"
1549,11,50573,573,17,8,52402,50573,630,10,3941740660,1528536467,false,25,106573901,"CHINA DOTA2 SUPER MAJOR"
1525,10,18601,658,16,3,8895,19309,629,12,2156836226,1455645096,true,39,106573901,"WePlay League Season 3"
1515,5,10125,481,38,7,14668,16365,475,15,2163212301,1455901288,true,47,106573901,"WePlay League Season 3"
1511,7,17836,460,22,6,16474,25099,498,15,1939257187,1447668231,false,39,106573901,"The Frankfurt Major 2015"
1508,1,6647,458,30,6,15529,11020,395,5,2119048949,1454264102,false,74,106573901,"Dota Pit League Season Four"
1503,5,18550,435,28,2,10546,18550,575,16,3469627734,1506536740,true,40,106573901,"AMD SAPPHIRE Dota PIT"
1490,12,12550,620,7,1,4836,12550,613,3,2719307202,1476818077,true,9,106573901,"The Summit 5"
1476,15,26057,547,6,6,14076,26057,640,17,3137347019,1493027922,true,106,106573901,"Kiev Major"
1457,4,9551,599,30,3,8566,15904,656,4,1941871897,1447777544,false,46,106573901,"The Frankfurt Major 2015"
1448,10,15095,503,3,5,25382,15095,612,13,3081860088,1490636967,false,97,106573901,"Captains Draft 3.0 Presented by DotaCinema & MoonduckTV"
1391,4,12011,593,17,2,10744,22107,641,19,2332626658,1462095022,true,13,106573901,"WePlay League Season 3"
1390,1,6316,475,17,3,8312,6316,433,2,2703687011,1476203714,false,8,106573901,"ASUS ROG DreamLeague Season 6"
1388,7,18697,601,27,0,8052,18697,666,17,2763588259,1478548931,true,9,106573901,"ASUS ROG DreamLeague Season 6"
1379,3,8616,484,34,5,12018,13246,489,11,2403511838,1464715632,false,74,106573901,"SL i-League StarSeries S2"
1369,12,26852,506,15,7,44622,43201,430,12,2076381332,1452711652,true,76,106573901,"StarLadder | i-League"
1364,13,22775,559,8,3,7164,28762,526,18,2306254123,1461093695,true,13,106573901,"ESL One Frankfurt 2016"
1343,15,21491,602,18,1,6968,21491,667,18,2792743374,1479685889,true,106,106573901,"The Summit 5"
1338,2,4141,365,2,3,5784,4141,313,1,2833437475,1481295451,false,49,106573901,"The Boston Major 2016"
1323,10,23804,491,7,5,27351,45019,529,7,1878548251,1445277853,false,106,106573901,"The Summit 4"
1309,9,19739,595,4,5,17114,19739,639,8,3193719922,1495302002,true,106,106573901,"DreamLeague season 7"
1301,8,17505,533,17,4,14249,17505,556,8,2782979357,1479322364,false,43,106573901,"The Summit 5"
1279,5,11562,438,19,4,13367,15611,457,5,1932434600,1447408706,false,19,106573901,"The Frankfurt Major 2015"
1256,5,12036,496,7,4,11867,12036,506,4,2897294037,1483688368,false,8,106573901,"ESL One Genting 2017"
1252,6,13232,498,17,4,19908,13232,458,3,3484939240,1507230896,false,19,106573901,"DreamLeague season 7"
1247,13,69215,580,46,5,30386,69215,576,12,3352323980,1501709928,false,35,106573901,"The International 2017"
1232,5,12330,528,22,6,11096,19270,427,13,2384394034,1464024735,true,74,106573901,"Nanyang Championships Season 2"
1226,1,8371,404,34,2,7256,8371,521,15,3607291192,1512805748,true,20,106573901,"2017 Mars Dota 2 League"
1224,6,22255,495,22,6,20991,22255,528,9,3593368959,1512156999,false,43,106573901,"DreamLeague season 8"
1201,6,9822,515,12,0,3650,11235,490,9,2306177749,1461090557,true,74,106573901,"ESL One Frankfurt 2016"
1192,4,30005,607,36,3,22481,30005,657,12,3540395141,1509727850,true,39,106573901,"AMD SAPPHIRE Dota PIT"
1190,5,10610,533,9,10,20037,17748,654,6,1910123817,1446494517,false,46,106573901,"The Defense Season 5"
1181,6,19030,497,10,6,16156,19030,492,4,2715176538,1476638856,false,74,106573901,"The Summit 5"
1175,8,16471,592,25,3,12973,26099,630,17,2160938760,1455814907,true,39,106573901,"WePlay League Season 3"
1166,8,10326,550,18,1,2645,10326,677,9,2734777605,1477435349,true,6,106573901,"Dota Pit League Season Five"
1152,5,13727,599,13,1,5857,13727,653,9,2734691591,1477429152,true,9,106573901,"Dota Pit League Season Five"
1147,12,13867,538,16,4,9580,13848,602,9,1843471598,1443990330,true,39,106573901,"ESL One at New York Super Week"
1140,1,5663,522,36,1,5097,6369,501,12,2327813366,1461931940,true,47,106573901,"WePlay League Season 3"
1137,6,12034,491,16,1,5747,11908,499,16,2342232730,1462459800,true,13,106573901,"The Manila Major 2016"
1131,8,20106,590,6,1,12071,20106,562,12,3050737359,1489312858,true,106,106573901,"Kiev Major"
1122,4,11685,494,16,1,8314,11685,543,13,2666414264,1474733164,true,16,106573901,"The BTS Series"
1116,4,12359,498,16,8,21168,16436,475,10,1973218862,1448997866,false,11,106573901,"StarLadder | i-League"
1103,0,10463,521,17,6,12429,10463,518,2,2897508853,1483696241,false,11,106573901,"ESL One Genting 2017"
1097,14,19789,538,25,2,11669,19789,494,6,3137907375,1493047660,true,101,106573901,"Kiev Major"
1084,14,16544,506,17,0,7717,16544,577,7,3941931884,1528543620,true,76,106573901,"CHINA DOTA2 SUPER MAJOR"
1079,8,9378,591,21,4,9809,12620,587,7,2341630715,1462443572,false,13,106573901,"The Manila Major 2016"
1053,4,6419,274,6,4,4954,6419,147,0,2969820681,1486119666,true,52,106573901,"Dota 2 Asia Championships 2017"
1052,8,31498,548,3,4,25016,31498,477,22,3138772596,1493100037,true,97,106573901,"Kiev Major"
1050,6,16431,562,10,1,5493,16431,657,18,2761136622,1478448460,true,13,106573901,"ESL One Frankfurt 2016"
1040,3,13100,423,20,6,18527,23113,516,23,2293597182,1460618504,false,13,106573901,"SL i-League Invitational Season 1"
1035,8,20873,659,26,5,13106,20873,613,14,3943547236,1528611743,false,74,106573901,"CHINA DOTA2 SUPER MAJOR"
1035,6,13052,551,13,2,7274,17396,563,18,2063916884,1452266232,true,13,106573901,"The Shanghai Major"
1031,8,22123,474,14,6,22706,35575,519,12,1980906731,1449312289,false,106,106573901,"Global eSports Cup LAN Finals Season 1"
1023,5,18219,451,18,4,12736,18219,484,12,3775933971,1520776577,true,19,106573901,"PGL BUCHAREST MAJOR 2018"
1015,6,9781,448,9,6,13694,10800,436,3,2118921504,1454260372,false,43,106573901,"Dota Pit League Season Four"
996,12,21183,582,27,1,12627,21183,700,9,3355805274,1501868434,true,41,106573901,"The International 2017"
973,8,19908,478,5,7,21005,34940,552,22,1889351830,1445702785,true,106,106573901,"StarLadder | i-League"
959,4,12950,476,25,7,11787,12950,383,10,3455158250,1505912656,false,53,106573901,"PGL DOTA2 OPEN"
955,6,15119,499,3,6,19058,19797,404,5,1941979787,1447781464,false,19,106573901,"The Frankfurt Major 2015"
947,0,18691,487,18,2,14793,18691,475,6,2703800163,1476207601,false,9,106573901,"ASUS ROG DreamLeague Season 6"
938,2,6818,429,3,5,12115,10468,398,4,2403278696,1464708675,false,49,106573901,"SL i-League StarSeries S2"
927,2,7293,436,27,4,10384,9890,404,3,2333710502,1462123783,false,47,106573901,"WePlay League Season 3"
926,8,11675,517,23,2,3527,10567,548,5,1916650145,1446750080,false,46,106573901,"The Defense Season 5"
903,4,13503,460,14,5,10149,20807,510,23,2338335953,1462296638,true,13,106573901,"The Manila Major 2016"
895,6,28680,551,14,6,23949,32437,524,10,3867862633,1525526074,false,23,106573901,"EPICENTER XL"
889,4,9397,428,13,8,16296,9397,481,3,3249593788,1497490078,false,95,106573901,"The Summit 5"
860,5,16343,578,10,4,15012,16343,624,7,2756144907,1478280602,false,11,106573901,"ASUS ROG DreamLeague Season 6"
851,14,44703,545,24,4,28907,44703,612,10,3698141876,1516865203,false,43,106573901,"ESL One Genting 2018"
822,15,32120,614,2,3,8123,48541,776,21,2278985683,1460047768,true,22,106573901,"ESL One Frankfurt 2016"
816,3,9320,351,12,11,14554,12379,320,9,1817084069,1443120643,false,52,106573901,"Nanyang Championships"
801,3,11546,372,20,10,21850,15126,406,12,1970986785,1448902205,false,47,106573901,"Global eSports Cup LAN Finals Season 1"
793,16,30975,550,33,6,27644,30975,692,7,3368300783,1502415870,false,39,106573901,"The International 2017"
789,16,24018,491,31,2,8025,24018,559,14,3853781987,1524858869,true,101,106573901,"EPICENTER XL"
785,12,16339,515,20,4,13585,16339,533,9,3149215336,1493566333,true,70,106573901,"Kiev Major"
777,9,30978,506,2,6,17363,30978,616,19,3049332545,1489255602,true,22,106573901,"Kiev Major"
770,13,45653,636,18,4,24680,45653,840,14,3751180345,1519505266,true,98,106573901,"ESL One Katowice 2018 powered by Intel"
770,6,13203,469,28,3,8118,13203,506,3,3774083100,1520694800,false,39,106573901,"PGL BUCHAREST MAJOR 2018"
762,6,8391,489,9,5,9284,9490,520,5,1886804303,1445618117,false,21,106573901,"ASUS ROG DreamLeague Season 4"
759,9,28088,618,23,2,9477,28088,692,11,2787674014,1479517735,true,9,106573901,"The Summit 5"
737,11,16068,533,19,3,5560,16068,599,4,3866278803,1525455499,false,25,106573901,"EPICENTER XL"
733,8,10289,463,11,2,8623,10289,540,5,3467766881,1506444810,true,7,106573901,"AMD SAPPHIRE Dota PIT"
722,2,8542,396,11,4,9183,9034,413,3,1961478777,1448556003,false,43,106573901,"ASUS ROG DreamLeague Season 4"
720,1,2589,370,7,5,7363,4100,385,3,2253970195,1459094792,false,78,106573901,"EPICENTER: Moscow"
716,9,20808,465,20,10,20826,33429,522,20,2367697814,1463411226,false,39,106573901,"The Summit 5"
688,6,12517,566,6,1,5754,12517,667,8,3137652123,1493039291,true,98,106573901,"Kiev Major"
685,5,11231,473,25,5,12405,11795,438,8,1961970320,1448577674,false,47,106573901,"ASUS ROG DreamLeague Season 4"
670,11,17219,736,8,1,8894,26394,775,11,2482142961,1467657510,true,98,106573901,"Global Grand Masters by Prodota.eu"
668,8,15005,475,31,5,13310,20718,536,7,1882787852,1445454536,false,39,106573901,"The Defense Season 5"
650,7,12186,587,5,0,6785,20465,586,11,2339573779,1462359484,true,106,106573901,"The Manila Major 2016"
644,5,33068,970,0,2,21288,33068,695,6,3050891873,1489317456,false,73,106573901,"Kiev Major"
635,6,15131,499,4,1,8665,17546,545,13,1932514886,1447412382,true,106,106573901,"The Frankfurt Major 2015"
630,2,12303,471,8,3,22049,25637,516,16,2330655963,1462025972,false,13,106573901,"WePlay League Season 3"
629,1,9410,466,11,7,10934,15366,518,6,1910002012,1446489597,false,46,106573901,"ASUS ROG DreamLeague Season 4"
628,1,13807,424,24,3,10763,13807,417,6,2928405645,1484952275,false,74,106573901,"Dota Pit League Season Five"
622,7,9623,529,9,0,4085,10735,480,11,2288770591,1460401183,true,13,106573901,"ESL One Frankfurt 2016"
613,11,25207,500,46,3,17721,25207,587,7,3937609487,1528349671,false,76,106573901,"CHINA DOTA2 SUPER MAJOR"
607,6,19038,479,15,4,16127,19038,463,7,2719116845,1476810441,false,9,106573901,"The Summit 5"
605,5,9650,427,14,1,4968,9248,433,7,1912138819,1446573145,true,39,106573901,"StarLadder | i-League"
599,13,21398,620,24,1,8924,25142,698,16,1887095532,1445626825,true,39,106573901,"ASUS ROG DreamLeague Season 4"
585,9,36725,523,3,8,32915,86945,442,29,2078130243,1452784858,true,22,106573901,"StarLadder | i-League"
584,7,13337,497,13,6,15354,22624,516,8,2125994001,1454527753,false,25,106573901,"Dota Pit League Season Four"
572,3,6440,438,6,5,9872,10149,409,0,2076536729,1452718405,false,43,106573901,"StarLadder | i-League"
559,6,20425,623,6,5,22706,20425,625,13,2714912582,1476631068,false,98,106573901,"The Summit 5"
548,9,23805,447,14,9,37894,36697,525,9,2127885491,1454601343,false,43,106573901,"WePlay League Season 3"
543,6,8641,577,9,0,3188,8641,597,9,2734752494,1477433371,true,9,106573901,"Dota Pit League Season Five"
543,6,8163,488,16,4,13436,8163,393,5,2761419323,1478457768,false,19,106573901,"ESL One Frankfurt 2016"
537,5,9414,536,18,0,1706,11687,483,10,2258765860,1459276810,true,13,106573901,"DreamLeague Season 5"
534,3,11412,415,10,9,25841,22449,407,26,2342341468,1462462672,false,13,106573901,"The Manila Major 2016"
530,9,36085,707,9,0,5130,36085,621,9,3750461499,1519477821,true,34,106573901,"ESL One Katowice 2018 powered by Intel"
520,1,19871,507,22,5,11438,19871,534,5,4063202564,1534438883,false,46,106573901,"The International 2018"
505,3,25983,538,27,4,28251,25983,525,16,3815318822,1522816847,false,49,106573901,"Dota 2 Asia Championships 2018"
505,2,13057,333,8,5,12586,18480,374,8,1962013966,1448580902,false,106,106573901,"ASUS ROG DreamLeague Season 4"
494,10,27380,603,10,4,11290,57802,613,18,2278826586,1460042975,true,22,106573901,"ESL One Frankfurt 2016"
492,7,10212,538,29,1,5386,13100,457,15,2381442759,1463921678,true,39,106573901,"Nanyang Championships Season 2"
485,7,14960,464,9,7,13392,19658,492,16,1961585730,1448559602,false,106,106573901,"ASUS ROG DreamLeague Season 4"
470,4,21341,427,17,5,15788,21549,536,6,3358232771,1501967770,false,106,106573901,"The International 2017"
438,5,10850,418,21,8,14069,13842,392,10,2244209178,1458758405,false,74,106573901,"DreamLeague Season 5"
425,6,23802,553,6,2,5270,28451,514,14,2099839587,1453572036,true,22,106573901,"Dota Pit League Season Four"
419,11,16104,601,14,3,8547,24239,675,17,2332978193,1462104825,true,13,106573901,"WePlay League Season 3"
409,7,10646,388,24,4,7563,13535,454,7,1843245785,1443982416,false,39,106573901,"ESL One at New York Super Week"
408,1,6546,390,9,3,4635,9924,371,4,2333353481,1462113949,false,13,106573901,"WePlay League Season 3"
404,7,18846,589,9,4,10527,35899,638,13,2340355178,1462381490,false,13,106573901,"The Manila Major 2016"
401,4,15454,587,1,6,14042,15454,638,6,3051542593,1489335804,false,98,106573901,"Kiev Major"
400,5,15312,549,12,2,4820,15312,643,18,2730344894,1477241988,true,9,106573901,"Dota Pit League Season Five"
397,8,17338,520,29,0,5664,17338,608,8,3853738369,1524856288,true,76,106573901,"EPICENTER XL"
395,3,11533,408,11,9,23118,24779,463,15,2447601447,1466340450,false,13,106573901,"ESL One Frankfurt 2016"
379,19,32399,600,23,8,30381,33103,646,15,3620796674,1513389179,true,14,106573901,"Dota Summit 8"
368,5,19178,560,28,3,17200,19178,648,4,3540802315,1509744028,false,39,106573901,"AMD SAPPHIRE Dota PIT"
363,11,36803,625,5,1,8341,54665,647,18,2064168118,1452272408,true,22,106573901,"The Shanghai Major"
359,4,9383,571,30,3,11018,14547,597,8,2341524831,1462439683,false,13,106573901,"The Manila Major 2016"
338,0,4959,352,3,2,6504,6452,366,0,2066144864,1452343431,false,49,106573901,"The Shanghai Major"
337,4,6847,389,10,3,6451,8144,325,3,2063517372,1452257145,false,21,106573901,"The Shanghai Major"
329,3,10931,463,23,4,12531,10931,494,3,3576150500,1511358166,false,19,106573901,"D2CL Season 7"
328,10,25932,583,20,4,17432,26403,681,6,3700059851,1516959956,false,39,106573901,"ESL One Genting 2018"
327,6,12670,554,19,3,10160,22831,510,8,2460552348,1466846396,false,74,106573901,"The International 2016"
321,13,37313,581,20,2,4773,37313,537,6,3620742450,1513385500,true,34,106573901,"Dota Summit 8"
321,4,13160,447,10,7,14788,13160,458,3,3933935682,1528167129,false,15,106573901,"CHINA DOTA2 SUPER MAJOR"
318,5,5539,367,4,3,8367,5539,363,0,2706112060,1476304798,false,16,106573901,"ASUS ROG DreamLeague Season 6"
312,5,5913,417,15,3,9422,5913,389,2,2671254741,1474912155,false,8,106573901,"The BTS Series"
312,3,10437,376,12,7,10630,10899,365,9,1971124205,1448907117,false,25,106573901,"Global eSports Cup LAN Finals Season 1"
310,6,9880,408,13,6,12787,16429,435,7,2069416649,1452441512,false,13,106573901,"The Shanghai Major"
310,5,8932,488,10,5,6970,10072,507,16,2306022280,1461084919,true,13,106573901,"ESL One Frankfurt 2016"
306,9,20346,450,23,3,15456,20346,539,20,4064851344,1534528507,true,7,106573901,"The International 2018"
306,4,8052,380,9,6,12268,9381,376,4,1914566969,1446665992,false,39,106573901,"The Summit 4"
299,6,17250,491,9,3,12959,25715,505,20,2338435683,1462300336,true,13,106573901,"The Manila Major 2016"
296,2,7809,398,19,5,20270,7809,421,1,3354101340,1501794365,false,43,106573901,"The International 2017"
288,6,15462,531,41,3,19415,15462,518,5,3353737967,1501776097,false,4,106573901,"The International 2017"
279,3,7565,558,17,5,13321,10225,459,5,2310182649,1461256236,false,74,106573901,"DreamLeague Season 5"
276,6,16556,393,18,5,21594,32325,413,11,2332796666,1462099842,false,39,106573901,"WePlay League Season 3"
276,3,5514,512,16,4,12084,7681,503,3,2381963417,1463933860,false,8,106573901,"Nanyang Championships Season 2"
254,0,2558,361,16,4,6495,3170,388,0,1912054994,1446570577,false,46,106573901,"StarLadder | i-League"
250,0,7965,509,14,4,8613,12112,471,4,2270751655,1459709885,false,74,106573901,"EPICENTER: Moscow"
237,7,12054,451,21,2,5575,10802,442,8,1973372973,1449005505,true,39,106573901,"StarLadder | i-League"
223,2,7473,419,16,1,5580,9744,428,2,1933489792,1447444005,false,39,106573901,"The Frankfurt Major 2015"
222,12,21021,590,23,8,24946,27801,541,13,2069209160,1452436263,false,76,106573901,"The Shanghai Major"
220,2,7500,416,21,4,10426,10498,420,1,2463232208,1466940287,false,98,106573901,"The International 2016"
214,2,10246,400,27,4,24421,10246,502,5,3698247222,1516870511,false,60,106573901,"ESL One Genting 2018"
208,8,16396,496,1,0,3441,19223,453,14,2062014366,1452194659,true,22,106573901,"The Shanghai Major"
207,5,9418,394,8,3,11552,11351,380,4,1830029282,1443549702,false,11,106573901,"Nanyang Championships"
205,7,11190,417,16,3,7120,14160,403,2,2330868333,1462030993,false,13,106573901,"WePlay League Season 3"
202,5,19377,410,9,2,8150,49384,439,10,2065765933,1452333704,false,22,106573901,"The Shanghai Major"
200,2,7073,335,3,1,6055,7073,318,6,2980356827,1486379402,false,106,106573901,"Dota 2 Asia Championships 2017"
197,0,1077,309,2,3,4417,1077,390,1,3353838092,1501780477,false,49,106573901,"The International 2017"
188,4,7419,520,15,4,8514,7419,588,2,3193386325,1495292747,false,74,106573901,"DreamLeague season 7"
182,5,10805,355,13,7,9340,12258,346,4,1829629063,1443538993,false,15,106573901,"Nanyang Championships"
177,3,8698,501,5,7,15888,10407,519,10,2528069381,1469459802,true,16,106573901,"Global Grand Masters by Prodota.eu"
171,11,26993,704,18,0,1840,43792,654,10,2442004818,1466152831,true,34,106573901,"ESL One Frankfurt 2016"
156,0,4517,603,12,4,11615,8981,420,0,1864763441,1444768543,false,73,106573901,"The Defense Season 5"
155,6,26685,567,14,4,10068,50268,432,8,2442994449,1466180168,false,34,106573901,"ESL One Frankfurt 2016"
150,7,12282,430,13,5,12828,14284,434,7,1974298339,1449055399,false,39,106573901,"Global eSports Cup LAN Finals Season 1"
149,3,17307,417,13,3,6684,17307,451,4,3235705862,1497019958,false,106,106573901,"EPICENTER: Moscow Season 2"
142,5,17116,473,8,5,18364,17116,527,1,2661885609,1474567248,false,98,106573901,"The BTS Series"
142,5,8927,375,8,3,9963,10988,390,9,2340253964,1462378106,false,106,106573901,"The Manila Major 2016"
141,7,38186,575,16,2,5313,38186,582,21,3943365614,1528604858,true,34,106573901,"CHINA DOTA2 SUPER MAJOR"
136,1,6950,526,16,3,9245,6950,521,1,3256260474,1497730551,false,57,106573901,"The Summit 5"
131,6,11089,575,26,6,13219,19547,502,9,2154521505,1455555814,false,74,106573901,"ESL One Manila 2016"
130,3,8001,544,16,4,9061,8001,538,6,4066517897,1534608693,false,12,106573901,"The International 2018"
123,4,5835,352,15,5,9931,5633,314,7,2447821556,1466345898,false,28,106573901,"ESL One Frankfurt 2016"
121,7,12234,500,20,7,13726,16667,462,5,1880740219,1445367652,false,11,106573901,"ASUS ROG DreamLeague Season 4"
121,3,5366,399,10,5,5301,5457,394,6,2154633446,1455559427,false,74,106573901,"ESL One Manila 2016"
119,0,6153,441,11,3,6877,7429,365,2,1912363394,1446580812,false,46,106573901,"ASUS ROG DreamLeague Season 4"
118,2,5695,417,13,8,11654,9425,398,6,2079482219,1452846538,false,74,106573901,"StarLadder | i-League"
117,6,13266,475,9,4,5996,13283,436,13,2154270247,1455548619,true,22,106573901,"WePlay League Season 3"
103,3,7268,378,10,6,9166,7629,415,5,1817001413,1443117669,false,25,106573901,"Nanyang Championships"
96,2,3959,362,5,2,6768,5284,398,7,2339478892,1462356083,true,97,106573901,"The Manila Major 2016"
90,5,12005,378,7,3,7581,15351,443,7,1843627161,1443998672,false,39,106573901,"ESL One at New York Super Week"
86,5,6703,544,9,2,4034,6703,600,6,3228598209,1496752057,false,95,106573901,"EPICENTER: Moscow Season 2"
79,8,11367,454,20,9,13761,14149,413,6,2342078911,1462456034,false,39,106573901,"The Manila Major 2016"
76,5,10817,381,14,6,16459,10817,391,0,3249548115,1497486846,false,19,106573901,"The Summit 5"
63,4,15423,418,16,3,6425,22907,418,3,2295756953,1460709650,false,13,106573901,"SL i-League Invitational Season 1"
62,3,9068,358,0,3,4333,10150,368,5,2306102101,1461087715,false,22,106573901,"ESL One Frankfurt 2016"
61,3,4692,389,30,3,11834,4692,466,2,3366363258,1502330617,false,41,106573901,"The International 2017"
60,1,9440,475,46,3,8212,9440,491,0,2760714569,1478437621,false,74,106573901,"ESL One Frankfurt 2016"
51,2,7079,443,23,1,3779,9175,537,10,2376115288,1463749865,true,13,106573901,"SL i-League StarSeries S2"
50,3,8772,415,8,5,12895,8772,396,2,3230649585,1496841522,false,70,106573901,"EPICENTER: Moscow Season 2"
43,1,5756,311,4,5,9588,9030,314,3,1832784278,1443646248,false,25,106573901,"Nanyang Championships"
39,2,8546,378,11,7,11856,10790,436,8,2340596245,1462390592,false,13,106573901,"The Manila Major 2016"
35,3,5810,526,16,4,8757,5810,563,2,3609753657,1512899629,false,46,106573901,"2017 Mars Dota 2 League"
32,8,24533,571,29,4,25050,24693,683,3,3607631172,1512818372,false,76,106573901,"2017 Mars Dota 2 League"
32,5,11177,415,6,4,16183,21151,577,20,2367869498,1463416001,false,29,106573901,"The Summit 5"
31,3,10151,430,9,3,8889,13489,403,6,1971214731,1448910689,false,11,106573901,"Global eSports Cup LAN Finals Season 1"
26,5,9957,515,19,0,4838,12910,553,14,2326451319,1461868917,true,13,106573901,"WePlay League Season 3"
20,3,6351,430,10,1,3310,6351,395,6,2664082722,1474653850,true,19,106573901,"The BTS Series"
19,4,12180,506,8,5,14122,19493,582,13,2530479268,1469556229,false,98,106573901,"Global Grand Masters by Prodota.eu"
16,0,3145,231,9,9,8044,4027,224,6,1916406689,1446741304,false,15,106573901,"ASUS ROG DreamLeague Season 4"
15,4,13004,462,10,7,20988,13004,499,4,3593288991,1512153349,false,17,106573901,"DreamLeague season 8"
14,4,8272,424,11,3,8066,8970,406,5,1981083926,1449316825,false,21,106573901,"Global eSports Cup LAN Finals Season 1"
13,0,5859,353,9,3,7605,6733,387,3,1974218607,1449052625,false,99,106573901,"Global eSports Cup LAN Finals Season 1"
12,2,7502,318,18,6,8749,8481,322,7,1832721655,1443643356,false,39,106573901,"Nanyang Championships"
10,8,17059,648,6,1,979,26995,504,6,2461014758,1466860040,true,34,106573901,"The International 2016"
4,5,20272,497,11,5,11495,46862,565,5,2079593863,1452850618,false,22,106573901,"StarLadder | i-League"
0,9,10816,515,21,1,7478,10816,539,5,3917861323,1527439172,true,72,106573901,"ESL One Birmingham 2018 powered by Intel"
0,8,21061,500,21,3,12769,21061,496,8,3815378585,1522821451,false,13,106573901,"Dota 2 Asia Championships 2018"
0,7,59729,624,18,8,18199,59729,504,10,3937537639,1528344834,false,34,106573901,"CHINA DOTA2 SUPER MAJOR"
0,5,41334,537,21,4,10216,41334,527,4,3594540805,1512212705,false,34,106573901,"DreamLeague season 8"
0,4,8062,453,41,4,12124,8062,503,1,3605037754,1512704037,false,76,106573901,"2017 Mars Dota 2 League"
0,4,7706,339,7,7,10753,10961,352,13,2295859695,1460713428,false,65,106573901,"SL i-League Invitational Season 1"
0,4,7554,408,13,3,12160,7554,446,2,3561952591,1510675306,false,54,106573901,"Dota Summit 8"
0,3,16031,474,7,6,29971,16031,555,8,3529685872,1509279414,false,49,106573901,"ESL One Hamburg 2017"
0,3,13638,448,10,7,11306,15679,457,3,1976726768,1449152356,false,11,106573901,"StarLadder | i-League"
0,3,12132,479,20,6,21088,12132,593,5,3258737947,1497816338,false,44,106573901,"The Summit 5"
0,3,11912,341,18,7,19572,12762,413,8,3943790375,1528619812,false,23,106573901,"CHINA DOTA2 SUPER MAJOR"
0,3,11352,504,20,2,6668,11352,511,2,3149480550,1493575509,false,75,106573901,"Kiev Major"
0,3,9594,401,24,6,18545,10795,469,10,3943981461,1528626064,false,23,106573901,"CHINA DOTA2 SUPER MAJOR"
0,3,9444,361,16,9,18808,12425,332,6,2305916358,1461081487,false,43,106573901,"ESL One Frankfurt 2016"
0,3,8284,425,9,5,12722,10436,414,4,1878757801,1445286500,false,46,106573901,"The Summit 4"
0,3,7134,553,25,2,7874,11188,538,10,2063371941,1452253611,false,74,106573901,"The Shanghai Major"
0,3,3244,426,7,1,2978,2889,408,2,1887217556,1445631350,true,19,106573901,"ASUS ROG DreamLeague Season 4"
0,2,17835,466,9,3,7889,32805,388,7,2461190427,1466864429,false,34,106573901,"The International 2016"
0,2,13664,404,11,8,19079,13664,546,6,3943204781,1528596023,false,43,106573901,"CHINA DOTA2 SUPER MAJOR"
0,2,4219,307,13,5,15442,5947,339,1,2461476971,1466871856,false,42,106573901,"The International 2016"
0,2,3100,399,12,3,9010,3154,382,3,2270853865,1459713997,false,76,106573901,"EPICENTER: Moscow"
0,1,9405,309,4,7,8212,15843,257,7,2293735220,1460624193,false,22,106573901,"SL i-League Invitational Season 1"
0,1,8128,285,0,5,5341,9689,320,5,2076028877,1452699916,false,22,106573901,"StarLadder | i-League"
0,1,7102,388,19,6,9011,10179,502,8,2333488726,1462117279,false,13,106573901,"WePlay League Season 3"
0,1,4257,292,5,4,9657,4781,291,1,2384635556,1464033728,false,97,106573901,"Nanyang Championships Season 2"
0,1,3671,293,7,3,6036,4634,275,0,1983332654,1449390422,false,39,106573901,"Global eSports Cup LAN Finals Season 1"
0,0,9372,428,27,3,8989,9372,461,4,3752683273,1519575888,false,72,106573901,"ESL One Katowice 2018 powered by Intel"
0,0,6038,318,11,3,11570,6038,368,2,3258970732,1497829973,false,8,106573901,"The Summit 5"
0,0,4351,652,4,4,9101,6078,439,1,2530576649,1469560231,false,73,106573901,"Global Grand Masters by Prodota.eu"
0,0,3297,298,12,6,7289,4256,309,2,2308052705,1461169793,false,76,106573901,"DreamLeague Season 5"
0,0,1718,308,7,3,3681,1718,310,1,2787593845,1479512400,false,76,106573901,"The Summit 5"
0,0,1551,268,2,1,4653,1551,383,1,3195956915,1495384208,false,106,106573901,"DreamLeague season 7"